name,email,phone_number,branch
Mariusz Pawlak,mariusz.pawlak@gmail.com,48587424976,Warszawa
Ireneusz Adamczyk,ireneusz.adamczyk@gmail.com,48738731409,Warszawa
Lech Nowicki,lech.nowicki@gmail.com,48743137950,Łódź
Beata Grabowska,beata.grabowska@gmail.com,48745376765,Warszawa
Franciszek Kowalczyk,franciszek.kowalczyk@gmail.com,48512140276,Poznań
Bartłomiej Tomaszewski,bartłomiej.tomaszewski@gmail.com,48656104898,Gdańsk
Dawid Majewski,dawid.majewski@gmail.com,48663834777,Kraków
Karolina Dąbrowska,karolina.dąbrowska@gmail.com,48722297973,Warszawa
Marianna Kwiatkowska,marianna.kwiatkowska@gmail.com,48607964085,Łódź
Janina Ostrowska,janina.ostrowska@gmail.com,48538030448,Gdańsk
Nina Majewska,nina.majewska@gmail.com,48517134783,Gdańsk
Irena Woźniak,irena.woźniak@gmail.com,48678138796,Warszawa
Barbara Majewska,barbara.majewska@gmail.com,48745777795,Poznań
Beata Lewandowska,beata.lewandowska@gmail.com,48815731784,Warszawa
Justyna Wróblewska,justyna.wróblewska@gmail.com,48688291747,Kraków
Karol Nowakowski,karol.nowakowski@gmail.com,48594337008,Warszawa
Lucyna Jankowska,lucyna.jankowska@gmail.com,48693796669,Gdańsk
Dorota Lewandowska,dorota.lewandowska@gmail.com,48630731646,Poznań
Irena Mazur,irena.mazur@gmail.com,48653316563,Gdańsk
Daniel Michalak,daniel.michalak@gmail.com,48751425101,Warszawa
Jan Nowicki,jan.nowicki@gmail.com,48603879251,Kraków
Helena Zielińska,helena.zielińska@gmail.com,48594169469,Kraków
Janusz Witkowski,janusz.witkowski@gmail.com,48591464439,Warszawa
Cyprian Stępień,cyprian.stępień@gmail.com,48628529726,Łódź
Adrian Pietrzak,adrian.pietrzak@gmail.com,48540908618,Warszawa
Justyna Malinowska,justyna.malinowska@gmail.com,48727058181,Poznań
Lidia Pawłowska,lidia.pawłowska@gmail.com,48550324508,Kraków
Błażej Michalski,błażej.michalski@gmail.com,48788791259,Warszawa
Bartłomiej Kowalczyk,bartłomiej.kowalczyk@gmail.com,48535010858,Poznań
Krzysztof Baran,krzysztof.baran@gmail.com,48582351713,Łódź
Aneta Krawczyk,aneta.krawczyk@gmail.com,48535708487,Łódź
Franciszek Dąbrowski,franciszek.dąbrowski@gmail.com,48698100543,Poznań
Gabriela Grabowska,gabriela.grabowska@gmail.com,48520375535,Kraków
Dorota Pietrzak,dorota.pietrzak@gmail.com,48582508253,Poznań
Filip Nowak,filip.nowak@gmail.com,48698314489,Łódź
Dorota Michalak,dorota.michalak@gmail.com,48615525456,Warszawa
Maria Michalak,maria.michalak@gmail.com,48752293258,Gdańsk
Małgorzata Witkowska,małgorzata.witkowska@gmail.com,48550304788,Poznań
Aleksandra Nowicka,aleksandra.nowicka@gmail.com,48650792651,Warszawa
Gabriela Wójcik,gabriela.wójcik@gmail.com,48674885712,Poznań
Aneta Jabłońska,aneta.jabłońska@gmail.com,48799249816,Warszawa
Emil Szewczyk,emil.szewczyk@gmail.com,48612407319,Kraków
Jakub Pawlak,jakub.pawlak@gmail.com,48567797445,Kraków
Maria Rutkowska,maria.rutkowska@gmail.com,48564061501,Warszawa
Marta Wojciechowska,marta.wojciechowska@gmail.com,48784734202,Poznań
Czesława Wojciechowska,czesława.wojciechowska@gmail.com,48630220069,Gdańsk
Gabriel Nowicki,gabriel.nowicki@gmail.com,48507948955,Warszawa
Dagmara Wójcik,dagmara.wójcik@gmail.com,48699995986,Warszawa
Ewa Górska,ewa.górska@gmail.com,48734126218,Poznań
Lucyna Górska,lucyna.górska@gmail.com,48737974692,Łódź
Daniel Wiśniewski,daniel.wiśniewski@gmail.com,48722473417,Warszawa
Gabriel Król,gabriel.król@gmail.com,48746408451,Gdańsk
Marian Tomaszewski,marian.tomaszewski@gmail.com,48763933742,Poznań
Monika Szewczyk,monika.szewczyk@gmail.com,48661406528,Warszawa
Dominik Wojciechowski,dominik.wojciechowski@gmail.com,48514505754,Warszawa
Emil Nowakowski,emil.nowakowski@gmail.com,48626897868,Łódź
Lech Pietrzak,lech.pietrzak@gmail.com,48576965565,Łódź
Lech Wróblewski,lech.wróblewski@gmail.com,48507732218,Poznań
Eryk Ostrowski,eryk.ostrowski@gmail.com,48520099361,Gdańsk
Bolesław Lewandowski,bolesław.lewandowski@gmail.com,48707128045,Gdańsk
Cezary Pawlak,cezary.pawlak@gmail.com,48675107744,Gdańsk
Małgorzata Michalak,małgorzata.michalak@gmail.com,48515721945,Poznań
Błażej Król,błażej.król@gmail.com,48539524436,Łódź
Izabela Jabłońska,izabela.jabłońska@gmail.com,48620881289,Warszawa
Laura Kwiatkowska,laura.kwiatkowska@gmail.com,48665518595,Kraków
Emil Stępień,emil.stępień@gmail.com,48697095755,Łódź
Nina Tomaszewska,nina.tomaszewska@gmail.com,48687616309,Łódź
Andrzej Kamiński,andrzej.kamiński@gmail.com,48786817394,Poznań
Edward Piotrowski,edward.piotrowski@gmail.com,48727707559,Kraków
Maria Wróblewska,maria.wróblewska@gmail.com,48637671068,Gdańsk
Izabela Ostrowska,izabela.ostrowska@gmail.com,48538866211,Kraków
Ireneusz Pietrzak,ireneusz.pietrzak@gmail.com,48589318731,Gdańsk
Adrian Zieliński,adrian.zieliński@gmail.com,48562555175,Gdańsk
Ignacy Szymański,ignacy.szymański@gmail.com,48576908110,Gdańsk
Karol Pawlak,karol.pawlak@gmail.com,48606153631,Warszawa
Kamila Woźniak,kamila.woźniak@gmail.com,48571048531,Kraków
Bartosz Król,bartosz.król@gmail.com,48758292079,Kraków
Łukasz Szewczyk,łukasz.szewczyk@gmail.com,48531894070,Warszawa
Kinga Jabłońska,kinga.jabłońska@gmail.com,48686298289,Gdańsk
Marian Król,marian.król@gmail.com,48709607623,Łódź
Agnieszka Krawczyk,agnieszka.krawczyk@gmail.com,48717862920,Poznań
Andrzej Pawłowski,andrzej.pawłowski@gmail.com,48811369574,Łódź
Filip Adamczyk,filip.adamczyk@gmail.com,48552865458,Warszawa
Gabriela Nowicka,gabriela.nowicka@gmail.com,48604680643,Gdańsk
Lidia Kamińska,lidia.kamińska@gmail.com,48663847977,Poznań
Hanna Kowalczyk,hanna.kowalczyk@gmail.com,48641617038,Łódź
Danuta Lewandowska,danuta.lewandowska@gmail.com,48666490682,Gdańsk
Elżbieta Majewska,elżbieta.majewska@gmail.com,48744132616,Łódź
Emilia Pietrzak,emilia.pietrzak@gmail.com,48702285339,Łódź
Lidia Baran,lidia.baran@gmail.com,48629005999,Łódź
Henryk Rutkowski,henryk.rutkowski@gmail.com,48762373335,Poznań
Jan Grabowski,jan.grabowski@gmail.com,48703440272,Kraków
Edward Wróblewski,edward.wróblewski@gmail.com,48591968973,Kraków
Lucyna Woźniak,lucyna.woźniak@gmail.com,48564188211,Łódź
Dominik Nowakowski,dominik.nowakowski@gmail.com,48630888048,Warszawa
Izabela Dudek,izabela.dudek@gmail.com,48740653010,Łódź
Błażej Majewski,błażej.majewski@gmail.com,48532678985,Łódź
Jadwiga Olszewska,jadwiga.olszewska@gmail.com,48513335562,Poznań
Aleksander Witkowski,aleksander.witkowski@gmail.com,48563529409,Poznań
Elżbieta Szewczyk,elżbieta.szewczyk@gmail.com,48525639969,Łódź
Aleksander Nowicki,aleksander.nowicki@gmail.com,48569725232,Łódź
Bartosz Dudek,bartosz.dudek@gmail.com,48571119778,Łódź
Aleksander Walczak,aleksander.walczak@gmail.com,48699293514,Poznań
Jakub Kozłowski,jakub.kozłowski@gmail.com,48543058461,Łódź
Grzegorz Majewski,grzegorz.majewski@gmail.com,48600979128,Gdańsk
Aleksandra Grabowska,aleksandra.grabowska@gmail.com,48790067276,Poznań
Lech Zalewski,lech.zalewski@gmail.com,48557968311,Poznań
Barbara Pawłowska,barbara.pawłowska@gmail.com,48708886495,Gdańsk
Janusz Pawlak,janusz.pawlak@gmail.com,48567197190,Poznań
Izabela Jaworska,izabela.jaworska@gmail.com,48626913221,Łódź
Aleksandra Sikora,aleksandra.sikora@gmail.com,48732155898,Poznań
Artur Wójcik,artur.wójcik@gmail.com,48688499863,Warszawa
Grzegorz Lewandowski,grzegorz.lewandowski@gmail.com,48608097941,Warszawa
Halina Kwiatkowska,halina.kwiatkowska@gmail.com,48765782838,Gdańsk
Franciszek Szymański,franciszek.szymański@gmail.com,48567693750,Warszawa
Jakub Stępień,jakub.stępień@gmail.com,48743106687,Poznań
Monika Zielińska,monika.zielińska@gmail.com,48673785604,Gdańsk
Anna Sikora,anna.sikora@gmail.com,48597713031,Gdańsk
Gabriel Piotrowski,gabriel.piotrowski@gmail.com,48570357460,Gdańsk
Amelia Pawłowska,amelia.pawłowska@gmail.com,48782422704,Warszawa
Laura Król,laura.król@gmail.com,48554623809,Gdańsk
Lech Kozłowski,lech.kozłowski@gmail.com,48638499798,Łódź
Monika Ostrowska,monika.ostrowska@gmail.com,48696094216,Poznań
Ewa Ostrowska,ewa.ostrowska@gmail.com,48717802827,Łódź
Celina Jabłońska,celina.jabłońska@gmail.com,48628227625,Gdańsk
Mateusz Kowalczyk,mateusz.kowalczyk@gmail.com,48775739480,Kraków
Jerzy Pietrzak,jerzy.pietrzak@gmail.com,48674471343,Poznań
Jadwiga Wieczorek,jadwiga.wieczorek@gmail.com,48767030279,Gdańsk
Janusz Kowalski,janusz.kowalski@gmail.com,48533486064,Kraków
Jadwiga Król,jadwiga.król@gmail.com,48771918490,Łódź
Ewa Zielińska,ewa.zielińska@gmail.com,48600868388,Gdańsk
Bogumiła Sikora,bogumiła.sikora@gmail.com,48768966075,Łódź
Daniel Kozłowski,daniel.kozłowski@gmail.com,48723860696,Warszawa
Bogumiła Wieczorek,bogumiła.wieczorek@gmail.com,48561229987,Kraków
Kajetan Zając,kajetan.zając@gmail.com,48624700773,Warszawa
Halina Wróblewska,halina.wróblewska@gmail.com,48741959864,Łódź
Julia Dudek,julia.dudek@gmail.com,48536798442,Gdańsk
Kamila Kowalczyk,kamila.kowalczyk@gmail.com,48801309679,Kraków
Dorota Olszewska,dorota.olszewska@gmail.com,48575766051,Warszawa
Jacek Dudek,jacek.dudek@gmail.com,48818797480,Łódź
Kinga Tomaszewska,kinga.tomaszewska@gmail.com,48669026644,Gdańsk
Magdalena Grabowska,magdalena.grabowska@gmail.com,48752157944,Gdańsk
Krystyna Nowakowska,krystyna.nowakowska@gmail.com,48655412891,Kraków
Jacek Wróbel,jacek.wróbel@gmail.com,48702195203,Poznań
Edward Walczak,edward.walczak@gmail.com,48740263507,Łódź
Damian Nowicki,damian.nowicki@gmail.com,48802915537,Gdańsk
Filip Wojciechowski,filip.wojciechowski@gmail.com,48585391471,Warszawa
Adrian Grabowski,adrian.grabowski@gmail.com,48772123328,Kraków
Kinga Kowalska,kinga.kowalska@gmail.com,48544068434,Warszawa
Dagmara Nowakowska,dagmara.nowakowska@gmail.com,48750831868,Kraków
Katarzyna Kaczmarek,katarzyna.kaczmarek@gmail.com,48716769044,Gdańsk
Karolina Jankowska,karolina.jankowska@gmail.com,48555991366,Kraków
Adam Michalski,adam.michalski@gmail.com,48682704513,Poznań
Agnieszka Kowalska,agnieszka.kowalska@gmail.com,48792055941,Warszawa
Łukasz Lewandowski,łukasz.lewandowski@gmail.com,48663468391,Warszawa
Bogdan Pietrzak,bogdan.pietrzak@gmail.com,48620057856,Poznań
Andrzej Nowakowski,andrzej.nowakowski@gmail.com,48684222214,Gdańsk
Adam Dudek,adam.dudek@gmail.com,48676832771,Warszawa
Daniel Szewczyk,daniel.szewczyk@gmail.com,48660384856,Łódź
Natalia Pietrzak,natalia.pietrzak@gmail.com,48585730356,Kraków
Aneta Kowalczyk,aneta.kowalczyk@gmail.com,48596095764,Kraków
Dagmara Baran,dagmara.baran@gmail.com,48633636274,Poznań
Daniel Tomaszewski,daniel.tomaszewski@gmail.com,48548643573,Poznań
Dagmara Szewczyk,dagmara.szewczyk@gmail.com,48609945755,Łódź
Marianna Kozłowska,marianna.kozłowska@gmail.com,48725608878,Warszawa
Cezary Jabłoński,cezary.jabłoński@gmail.com,48747185809,Łódź
Anna Wojciechowska,anna.wojciechowska@gmail.com,48791659190,Warszawa
Ireneusz Woźniak,ireneusz.woźniak@gmail.com,48670586281,Łódź
Janusz Walczak,janusz.walczak@gmail.com,48658593831,Łódź
Grażyna Rutkowska,grażyna.rutkowska@gmail.com,48721708512,Łódź
Ireneusz Szewczyk,ireneusz.szewczyk@gmail.com,48810333771,Warszawa
Cyprian Pawlak,cyprian.pawlak@gmail.com,48651435925,Łódź
Dawid Król,dawid.król@gmail.com,48533648794,Warszawa
Damian Rutkowski,damian.rutkowski@gmail.com,48734518853,Kraków
Kacper Rutkowski,kacper.rutkowski@gmail.com,48745772181,Kraków
Dariusz Adamczyk,dariusz.adamczyk@gmail.com,48637278858,Łódź
Bolesław Szymański,bolesław.szymański@gmail.com,48517260115,Łódź
Łukasz Witkowski,łukasz.witkowski@gmail.com,48724847985,Poznań
Nina Stępień,nina.stępień@gmail.com,48779121643,Gdańsk
Mariusz Sikora,mariusz.sikora@gmail.com,48572347183,Łódź
Marianna Wróblewska,marianna.wróblewska@gmail.com,48594332245,Poznań
Janusz Sikora,janusz.sikora@gmail.com,48714073205,Łódź
Emilia Górska,emilia.górska@gmail.com,48741176319,Gdańsk
Edyta Wieczorek,edyta.wieczorek@gmail.com,48540877059,Warszawa
Monika Krawczyk,monika.krawczyk@gmail.com,48810188681,Łódź
Cezary Wieczorek,cezary.wieczorek@gmail.com,48564597260,Kraków
Leon Baran,leon.baran@gmail.com,48696693097,Warszawa
Maciej Jankowski,maciej.jankowski@gmail.com,48587734777,Warszawa
Grażyna Nowakowska,grażyna.nowakowska@gmail.com,48780058058,Warszawa
Błażej Ostrowski,błażej.ostrowski@gmail.com,48746359119,Kraków
Ignacy Tomaszewski,ignacy.tomaszewski@gmail.com,48565696139,Gdańsk
Julia Kozłowska,julia.kozłowska@gmail.com,48731720325,Poznań
Kamila Walczak,kamila.walczak@gmail.com,48654217898,Łódź
Maria Kaczmarek,maria.kaczmarek@gmail.com,48599106137,Gdańsk
Anna Szewczyk,anna.szewczyk@gmail.com,48521468411,Łódź
Grażyna Majewska,grażyna.majewska@gmail.com,48694811794,Kraków
Beata Baran,beata.baran@gmail.com,48525738751,Poznań
Monika Wojciechowska,monika.wojciechowska@gmail.com,48510941601,Poznań
Jakub Piotrowski,jakub.piotrowski@gmail.com,48782309853,Warszawa
Artur Zalewski,artur.zalewski@gmail.com,48587946088,Warszawa
